﻿{
  "appCompList": [
    {
      "AzureApplicationId": 13,
      "AzureApplicationName": "STG EMA 2016 KCCC",
      "AzureComponentId": 7,
      "ComponentQuery": "https://api.applicationinsights.io/v1/apps/$Appid/$URL",
      "StoreProcedureName": "[Azure].[usp_insertAvailabilityDetails]",
      "TableName": "Azure Availability Test",
      "TableColumns": "name,location,success,message,timestamp",
      "JSONAttributesValue": [
        {
          "attribute_code": "$APIKey",
          "value": "abcdefghijklmnop"
        },
        {
          "attribute_code": "$Appid",
          "value": "ABCDEFGHIJKLMNOPqRST"
        },
        {
          "attribute_code": "$Name",
          "value": "STG MA 2016 KCCC"
        },
        {
          "attribute_code": "$time",
          "value": "15m"
        },
        {
          "attribute_code": "$URL",
          "value": "abc1.com,xyz1.com"
        }
      ]

    },

    {
      "AzureApplicationId": 14,
      "AzureApplicationName": "STG EMA 2016 Platform",
      "AzureComponentId": 7,
      "ComponentQuery": "https://api.applicationinsights.io/v1/apps/$Appid/$URL",
      "StoreProcedureName": "[Azure].[usp_insertAvailabilityDetails]",
      "TableName": "Azure Availability Test",
      "TableColumns": "name,location,success,message,timestamp",
      "JSONAttributesValue": [
        {
          "attribute_code": "$APIKey",
          "value": "abcdefghijklmnop"
        },
        {
          "attribute_code": "$Appid",
          "value": "ABCDEFGHIJKLMNOPqRST"
        },
        {
          "attribute_code": "$Name",
          "value": "STG MA 2016 KCCC"
        },
        {
          "attribute_code": "$time",
          "value": "15m"
        },
        {
          "attribute_code": "$URL",
          "value": "abc2.com,xyz2.com,anirban.com"
        }
      ]

    }
  ]
}
